photo_id,post_id,size,date,time
1,26,4,2023-02-26,07:26
2,27,1,2023-02-28,02:48
3,28,2,2023-04-10,08:42
4,29,1,2023-03-09,01:11
5,30,2,2023-07-09,12:05
6,31,3,2023-06-29,12:01
7,32,4,2023-04-10,05:22
8,33,4,2023-08-06,07:50
9,34,2,2023-10-19,07:24
10,35,2,2023-08-26,03:03
11,36,2,2023-02-13,08:31
12,37,2,2023-02-11,10:05
13,38,2,2023-07-03,02:18
14,39,2,2023-05-05,10:01
15,40,4,2023-06-29,07:22
16,41,4,2023-09-05,03:39
17,42,3,2023-06-28,01:20
18,43,3,2023-12-09,08:04
19,44,3,2023-01-05,12:03
20,45,1,2023-03-07,01:01
21,46,2,2023-02-08,11:01
22,47,3,2023-03-29,07:57
23,48,2,2023-10-29,03:28
24,49,3,2023-06-22,11:00
25,50,2,2023-10-18,09:44
26,76,3,2023-04-21,09:35
27,77,4,2023-06-09,02:59
28,78,3,2023-10-16,11:01
29,79,1,2023-07-29,04:36
30,80,4,2023-02-28,06:59
31,81,3,2023-12-09,05:10
32,82,3,2023-04-16,03:53
33,83,1,2023-04-13,08:58
34,84,1,2023-08-07,01:30
35,85,4,2023-12-25,04:49
36,86,4,2023-12-10,06:32
37,87,1,2023-08-26,11:03
38,88,4,2023-01-11,02:43
39,89,1,2023-01-10,01:26
40,90,3,2023-05-19,07:41
41,91,3,2023-10-12,09:29
42,92,2,2023-06-11,11:00
43,93,2,2023-09-01,04:32
44,94,2,2023-07-23,04:16
45,95,3,2023-04-02,02:49
46,96,1,2023-06-12,03:24
47,97,2,2023-06-09,05:36
48,98,3,2023-11-29,12:00
49,99,3,2023-01-18,04:18
50,100,2,2023-02-21,06:15
