video_id,post_id,size,date,time
1,1,1,10-01-2023,16:36:43
2,2,8,05-10-2023,10:18:06
3,3,3,02-07-2023,19:50:01
4,4,2,07-10-2023,05:15:59
5,5,1,10-05-2023,22:02:55
6,6,3,17-12-2023,18:56:12
7,7,3,05-03-2023,11:21:11
8,8,2,30-12-2023,22:36:35
9,9,7,10-07-2023,19:31:33
10,10,9,20-04-2023,09:31:27
11,11,4,27-02-2023,11:55:18
12,12,7,29-08-2023,05:44:37
13,13,2,21-03-2023,07:02:08
14,14,1,06-03-2023,16:49:37
15,15,1,06-08-2023,22:01:16
16,16,9,28-03-2023,06:20:38
17,17,4,29-07-2023,06:20:40
18,18,8,27-04-2023,00:21:31
19,19,6,02-06-2023,09:11:03
20,20,5,12-03-2023,19:15:26
21,21,6,10-02-2023,03:29:07
22,22,1,20-01-2023,04:51:02
23,23,8,08-06-2023,06:47:19
24,24,9,19-06-2023,20:34:25
25,25,4,27-07-2023,15:09:34
26,51,3,28-11-2023,21:59:07
27,52,4,05-08-2023,07:35:15
28,53,5,07-06-2023,00:28:16
29,54,7,22-07-2023,07:52:15
30,55,4,12-12-2023,02:54:01
31,56,6,18-05-2023,23:20:48
32,57,4,30-01-2023,19:41:14
33,58,5,21-10-2023,15:16:03
34,59,2,24-05-2023,10:42:00
35,60,2,01-03-2023,06:35:32
36,61,5,07-12-2023,07:19:53
37,62,9,26-06-2023,21:19:44
38,63,7,30-08-2023,20:02:13
39,64,9,19-06-2023,09:05:01
40,65,5,25-07-2023,03:23:08
41,66,9,10-10-2023,01:31:22
42,67,7,01-01-2023,12:16:39
43,68,6,26-07-2023,01:09:22
44,69,9,01-02-2023,14:34:38
45,70,2,20-10-2023,18:47:47
46,71,7,07-06-2023,09:07:45
47,72,8,10-02-2023,06:49:04
48,73,1,22-10-2023,02:40:24
49,74,3,30-07-2023,23:56:53
50,75,8,22-03-2023,11:06:54
